county,year,month,rainfall_mm,temp_c
Trans Nzoia,2010,1,74.09,16.22
Trans Nzoia,2010,2,171.36,17.73
Trans Nzoia,2010,3,193.75,17.17
Trans Nzoia,2010,4,272.4,17.55
Trans Nzoia,2010,5,323.64,17.32
Trans Nzoia,2010,6,107.69999999999999,16.6
Trans Nzoia,2010,7,174.22,15.84
Trans Nzoia,2010,8,170.19,16.13
Trans Nzoia,2010,9,189.29999999999998,16.7
Trans Nzoia,2010,10,176.70000000000002,16.77
Trans Nzoia,2010,11,100.5,16.33
Trans Nzoia,2010,12,36.58,15.84
Trans Nzoia,2011,1,10.540000000000001,16.97
Trans Nzoia,2011,2,23.8,18.33
Trans Nzoia,2011,3,143.22,18.59
Trans Nzoia,2011,4,177.6,18.52
Trans Nzoia,2011,5,296.36,17.25
Trans Nzoia,2011,6,157.5,16.28
Trans Nzoia,2011,7,132.36999999999998,16.12
Trans Nzoia,2011,8,284.58,15.79
Trans Nzoia,2011,9,182.10000000000002,16.46
Trans Nzoia,2011,10,251.71999999999997,16.57
Trans Nzoia,2011,11,337.8,15.85
Trans Nzoia,2011,12,53.01,15.29
Trans Nzoia,2012,1,1.8599999999999999,15.45
Trans Nzoia,2012,2,20.009999999999998,17.05
Trans Nzoia,2012,3,37.82,18.64
Trans Nzoia,2012,4,368.7,17.42
Trans Nzoia,2012,5,269.08,16.69
Trans Nzoia,2012,6,184.8,16.07
Trans Nzoia,2012,7,133.29999999999998,15.61
Trans Nzoia,2012,8,231.88000000000002,15.95
Trans Nzoia,2012,9,216.6,16.45
Trans Nzoia,2012,10,191.89000000000001,16.59
Trans Nzoia,2012,11,224.4,16.45
Trans Nzoia,2012,12,146.63000000000002,16.23
Trans Nzoia,2013,1,37.82,16.58
Trans Nzoia,2013,2,8.12,17.56
Trans Nzoia,2013,3,172.67000000000002,18.92
Trans Nzoia,2013,4,315.9,17.2
Trans Nzoia,2013,5,191.27,16.98
Trans Nzoia,2013,6,75.3,16.28
Trans Nzoia,2013,7,118.73,15.67
Trans Nzoia,2013,8,256.68,15.86
Trans Nzoia,2013,9,230.39999999999998,16.74
Trans Nzoia,2013,10,210.49,16.46
Trans Nzoia,2013,11,151.2,16.28
Trans Nzoia,2013,12,86.49,15.77
Trans Nzoia,2014,1,8.06,16.59
Trans Nzoia,2014,2,34.44,18.02
Trans Nzoia,2014,3,80.28999999999999,18.81
Trans Nzoia,2014,4,103.8,18.65
Trans Nzoia,2014,5,248.92999999999998,17.68
Trans Nzoia,2014,6,122.69999999999999,16.86
Trans Nzoia,2014,7,163.06,16.25
Trans Nzoia,2014,8,225.68,15.8
Trans Nzoia,2014,9,149.1,16.8
Trans Nzoia,2014,10,301.01000000000005,16.82
Trans Nzoia,2014,11,126.0,16.41
Trans Nzoia,2014,12,61.07,15.96
Trans Nzoia,2015,1,1.24,16.0
Trans Nzoia,2015,2,28.28,18.59
Trans Nzoia,2015,3,64.78999999999999,19.16
Trans Nzoia,2015,4,226.2,17.66
Trans Nzoia,2015,5,218.85999999999999,17.34
Trans Nzoia,2015,6,220.2,16.72
Trans Nzoia,2015,7,134.23,16.54
Trans Nzoia,2015,8,119.97,17.14
Trans Nzoia,2015,9,137.10000000000002,17.88
Trans Nzoia,2015,10,166.16,17.91
Trans Nzoia,2015,11,220.5,16.95
Trans Nzoia,2015,12,147.56,16.61
Trans Nzoia,2016,1,67.27,17.17
Trans Nzoia,2016,2,15.66,18.31
Trans Nzoia,2016,3,69.13,20.01
Trans Nzoia,2016,4,334.8,18.5
Trans Nzoia,2016,5,255.13000000000002,17.09
Trans Nzoia,2016,6,217.20000000000002,16.23
Trans Nzoia,2016,7,239.01,15.91
Trans Nzoia,2016,8,180.42000000000002,16.18
Trans Nzoia,2016,9,167.7,16.92
Trans Nzoia,2016,10,100.75,17.05
Trans Nzoia,2016,11,103.5,16.65
Trans Nzoia,2016,12,15.81,16.79
Trans Nzoia,2017,1,53.94,17.56
Trans Nzoia,2017,2,97.44,18.48
Trans Nzoia,2017,3,104.78,19.38
Trans Nzoia,2017,4,103.5,18.87
Trans Nzoia,2017,5,251.1,17.53
Trans Nzoia,2017,6,114.3,17.37
Trans Nzoia,2017,7,242.73,16.27
Trans Nzoia,2017,8,299.77,16.43
Trans Nzoia,2017,9,308.4,16.79
Trans Nzoia,2017,10,221.03,17.01
Trans Nzoia,2017,11,164.4,16.2
Trans Nzoia,2017,12,18.91,15.93
Trans Nzoia,2018,1,13.02,16.74
Trans Nzoia,2018,2,64.39999999999999,18.86
Trans Nzoia,2018,3,204.29,17.36
Trans Nzoia,2018,4,465.0,16.84
Trans Nzoia,2018,5,416.02,16.59
Trans Nzoia,2018,6,304.5,15.92
Trans Nzoia,2018,7,218.85999999999999,15.69
Trans Nzoia,2018,8,206.46,15.97
Trans Nzoia,2018,9,115.19999999999999,17.2
Trans Nzoia,2018,10,158.41,16.82
Trans Nzoia,2018,11,78.60000000000001,17.2
Trans Nzoia,2018,12,115.32000000000001,16.74
Trans Nzoia,2019,1,26.04,17.6
Trans Nzoia,2019,2,30.800000000000004,19.06
Trans Nzoia,2019,3,59.83,19.64
Trans Nzoia,2019,4,166.79999999999998,20.1
Trans Nzoia,2019,5,189.41,17.95
Trans Nzoia,2019,6,354.9,16.58
Trans Nzoia,2019,7,230.64000000000001,16.03
Trans Nzoia,2019,8,380.37,16.44
Trans Nzoia,2019,9,210.0,17.09
Trans Nzoia,2019,10,260.40000000000003,16.79
Trans Nzoia,2019,11,197.4,16.83
Trans Nzoia,2019,12,210.18,16.35
Trans Nzoia,2020,1,129.89000000000001,16.66
Trans Nzoia,2020,2,101.78999999999999,17.33
Trans Nzoia,2020,3,267.53000000000003,17.99
Trans Nzoia,2020,4,441.90000000000003,17.38
Trans Nzoia,2020,5,306.59000000000003,17.11
Trans Nzoia,2020,6,430.79999999999995,16.36
Trans Nzoia,2020,7,330.15000000000003,15.65
Trans Nzoia,2020,8,448.88,16.15
Trans Nzoia,2020,9,492.9,16.72
Trans Nzoia,2020,10,242.10999999999999,16.72
Trans Nzoia,2020,11,195.0,16.54
Trans Nzoia,2020,12,63.86,15.77
Trans Nzoia,2021,1,88.03999999999999,15.89
Trans Nzoia,2021,2,39.76,17.28
Trans Nzoia,2021,3,59.83,18.46
Trans Nzoia,2021,4,166.79999999999998,18.17
Trans Nzoia,2021,5,305.34999999999997,17.03
Trans Nzoia,2021,6,45.0,16.75
Trans Nzoia,2021,7,169.88000000000002,15.79
Trans Nzoia,2021,8,138.88000000000002,16.67
Trans Nzoia,2021,9,265.79999999999995,17.09
Trans Nzoia,2021,10,201.5,17.07
Trans Nzoia,2021,11,83.7,17.31
Trans Nzoia,2021,12,66.03,16.83
Trans Nzoia,2022,1,92.07000000000001,16.64
Trans Nzoia,2022,2,32.199999999999996,18.29
Trans Nzoia,2022,3,114.39,19.06
Trans Nzoia,2022,4,149.4,18.36
Trans Nzoia,2022,5,153.14000000000001,17.78
Trans Nzoia,2022,6,88.2,16.83
Trans Nzoia,2022,7,255.44,16.27
Trans Nzoia,2022,8,448.88,16.07
Trans Nzoia,2022,9,296.70000000000005,16.73
Trans Nzoia,2022,10,150.97,16.67
Trans Nzoia,2022,11,81.60000000000001,16.54
Trans Nzoia,2022,12,54.56,16.48
Trans Nzoia,2023,1,15.81,16.65
Trans Nzoia,2023,2,13.719999999999999,18.94
Trans Nzoia,2023,3,279.0,18.59
Trans Nzoia,2023,4,380.4,17.53
Trans Nzoia,2023,5,200.26,17.56
Trans Nzoia,2023,6,276.6,17.01
Trans Nzoia,2023,7,254.82000000000002,16.62
Trans Nzoia,2023,8,185.07,17.19
Trans Nzoia,2023,9,197.10000000000002,17.76
Trans Nzoia,2023,10,203.35999999999999,17.72
Trans Nzoia,2023,11,210.6,16.67
Trans Nzoia,2023,12,57.660000000000004,16.92
Trans Nzoia,2024,1,122.45,17.05
Trans Nzoia,2024,2,221.56,17.8
Trans Nzoia,2024,3,97.64999999999999,18.37
Trans Nzoia,2024,4,431.70000000000005,17.86
Trans Nzoia,2024,5,250.17000000000002,17.78
Trans Nzoia,2024,6,242.7,17.12
Trans Nzoia,2024,7,423.77,16.44
Trans Nzoia,2024,8,320.84999999999997,16.47
Trans Nzoia,2024,9,243.90000000000003,17.52
Trans Nzoia,2024,10,319.92,17.66
Trans Nzoia,2024,11,207.0,17.0
Trans Nzoia,2024,12,35.96,16.33
Uasin Gishu,2010,1,101.99,18.68
Uasin Gishu,2010,2,162.67999999999998,19.88
Uasin Gishu,2010,3,204.6,19.39
Uasin Gishu,2010,4,284.40000000000003,19.66
Uasin Gishu,2010,5,302.87,19.02
Uasin Gishu,2010,6,108.89999999999999,18.33
Uasin Gishu,2010,7,158.41,17.45
Uasin Gishu,2010,8,135.16,17.8
Uasin Gishu,2010,9,189.29999999999998,18.58
Uasin Gishu,2010,10,192.82,18.78
Uasin Gishu,2010,11,99.9,18.48
Uasin Gishu,2010,12,40.92,18.14
Uasin Gishu,2011,1,14.879999999999999,18.99
Uasin Gishu,2011,2,29.12,20.25
Uasin Gishu,2011,3,185.07,20.48
Uasin Gishu,2011,4,203.1,20.43
Uasin Gishu,2011,5,283.96,19.03
Uasin Gishu,2011,6,163.20000000000002,17.82
Uasin Gishu,2011,7,126.17000000000002,17.84
Uasin Gishu,2011,8,260.40000000000003,17.4
Uasin Gishu,2011,9,168.6,18.26
Uasin Gishu,2011,10,248.92999999999998,18.64
Uasin Gishu,2011,11,367.5,17.75
Uasin Gishu,2011,12,59.83,17.44
Uasin Gishu,2012,1,2.1700000000000004,17.63
Uasin Gishu,2012,2,29.0,18.84
Uasin Gishu,2012,3,38.13,20.25
Uasin Gishu,2012,4,426.0,18.83
Uasin Gishu,2012,5,297.59999999999997,18.47
Uasin Gishu,2012,6,207.0,17.64
Uasin Gishu,2012,7,112.22,16.99
Uasin Gishu,2012,8,201.19,17.51
Uasin Gishu,2012,9,218.4,18.26
Uasin Gishu,2012,10,208.32,18.58
Uasin Gishu,2012,11,268.2,18.39
Uasin Gishu,2012,12,150.97,18.22
Uasin Gishu,2013,1,48.980000000000004,18.57
Uasin Gishu,2013,2,14.56,19.34
Uasin Gishu,2013,3,197.78,20.31
Uasin Gishu,2013,4,397.5,18.87
Uasin Gishu,2013,5,215.76,18.77
Uasin Gishu,2013,6,78.89999999999999,17.92
Uasin Gishu,2013,7,98.27,17.16
Uasin Gishu,2013,8,204.29,17.5
Uasin Gishu,2013,9,202.79999999999998,18.51
Uasin Gishu,2013,10,149.10999999999999,18.58
Uasin Gishu,2013,11,137.7,18.41
Uasin Gishu,2013,12,93.92999999999999,18.12
Uasin Gishu,2014,1,9.61,19.01
Uasin Gishu,2014,2,49.56,19.82
Uasin Gishu,2014,3,131.44,20.4
Uasin Gishu,2014,4,88.2,20.32
Uasin Gishu,2014,5,227.85,19.43
Uasin Gishu,2014,6,132.6,18.57
Uasin Gishu,2014,7,130.20000000000002,17.91
Uasin Gishu,2014,8,160.89000000000001,17.53
Uasin Gishu,2014,9,146.7,18.76
Uasin Gishu,2014,10,283.65000000000003,18.75
Uasin Gishu,2014,11,128.7,18.6
Uasin Gishu,2014,12,70.67999999999999,18.31
Uasin Gishu,2015,1,2.48,18.57
Uasin Gishu,2015,2,29.400000000000002,21.02
Uasin Gishu,2015,3,61.69,21.79
Uasin Gishu,2015,4,289.5,19.32
Uasin Gishu,2015,5,336.34999999999997,18.95
Uasin Gishu,2015,6,271.5,18.14
Uasin Gishu,2015,7,139.5,18.18
Uasin Gishu,2015,8,130.20000000000002,18.88
Uasin Gishu,2015,9,139.8,19.47
Uasin Gishu,2015,10,169.26,19.6
Uasin Gishu,2015,11,357.9,18.67
Uasin Gishu,2015,12,137.95000000000002,18.43
Uasin Gishu,2016,1,78.12,19.03
Uasin Gishu,2016,2,13.92,19.69
Uasin Gishu,2016,3,62.92999999999999,21.39
Uasin Gishu,2016,4,386.40000000000003,19.99
Uasin Gishu,2016,5,263.5,18.73
Uasin Gishu,2016,6,175.2,18.03
Uasin Gishu,2016,7,262.88,17.46
Uasin Gishu,2016,8,155.0,17.97
Uasin Gishu,2016,9,207.3,18.65
Uasin Gishu,2016,10,99.2,18.96
Uasin Gishu,2016,11,104.10000000000001,18.55
Uasin Gishu,2016,12,12.4,18.5
Uasin Gishu,2017,1,53.94,19.22
Uasin Gishu,2017,2,84.83999999999999,20.34
Uasin Gishu,2017,3,109.42999999999999,21.21
Uasin Gishu,2017,4,139.8,20.7
Uasin Gishu,2017,5,293.26000000000005,19.19
Uasin Gishu,2017,6,137.7,18.96
Uasin Gishu,2017,7,267.21999999999997,17.58
Uasin Gishu,2017,8,310.31,18.06
Uasin Gishu,2017,9,403.8,18.46
Uasin Gishu,2017,10,217.31,18.73
Uasin Gishu,2017,11,200.1,18.1
Uasin Gishu,2017,12,21.080000000000002,17.99
Uasin Gishu,2018,1,15.19,18.27
Uasin Gishu,2018,2,36.96,20.15
Uasin Gishu,2018,3,267.53000000000003,18.93
Uasin Gishu,2018,4,460.79999999999995,18.23
Uasin Gishu,2018,5,524.21,18.26
Uasin Gishu,2018,6,365.7,17.48
Uasin Gishu,2018,7,272.8,17.14
Uasin Gishu,2018,8,268.15000000000003,17.55
Uasin Gishu,2018,9,140.1,18.95
Uasin Gishu,2018,10,137.32999999999998,18.73
Uasin Gishu,2018,11,86.10000000000001,19.02
Uasin Gishu,2018,12,106.64,18.56
Uasin Gishu,2019,1,18.599999999999998,19.19
Uasin Gishu,2019,2,22.68,20.89
Uasin Gishu,2019,3,53.94,21.81
Uasin Gishu,2019,4,178.8,21.93
Uasin Gishu,2019,5,268.15000000000003,19.7
Uasin Gishu,2019,6,398.7,17.95
Uasin Gishu,2019,7,246.76,17.65
Uasin Gishu,2019,8,398.65999999999997,17.94
Uasin Gishu,2019,9,229.5,18.66
Uasin Gishu,2019,10,333.87,18.66
Uasin Gishu,2019,11,234.9,18.65
Uasin Gishu,2019,12,283.34000000000003,18.17
Uasin Gishu,2020,1,175.77,18.57
Uasin Gishu,2020,2,99.76,19.15
Uasin Gishu,2020,3,312.17,19.72
Uasin Gishu,2020,4,393.0,19.11
Uasin Gishu,2020,5,380.06,18.8
Uasin Gishu,2020,6,452.4,17.78
Uasin Gishu,2020,7,289.54,17.1
Uasin Gishu,2020,8,404.55,17.62
Uasin Gishu,2020,9,410.7,18.31
Uasin Gishu,2020,10,245.52,18.53
Uasin Gishu,2020,11,225.9,18.46
Uasin Gishu,2020,12,68.51,17.89
Uasin Gishu,2021,1,62.62,17.95
Uasin Gishu,2021,2,35.84,18.92
Uasin Gishu,2021,3,50.529999999999994,20.0
Uasin Gishu,2021,4,189.29999999999998,19.78
Uasin Gishu,2021,5,368.59000000000003,18.77
Uasin Gishu,2021,6,71.10000000000001,18.42
Uasin Gishu,2021,7,180.73,17.26
Uasin Gishu,2021,8,203.04999999999998,18.33
Uasin Gishu,2021,9,304.8,18.61
Uasin Gishu,2021,10,166.47,18.83
Uasin Gishu,2021,11,83.39999999999999,19.19
Uasin Gishu,2021,12,75.64,18.58
Uasin Gishu,2022,1,83.08,18.23
Uasin Gishu,2022,2,37.800000000000004,19.8
Uasin Gishu,2022,3,73.16,21.18
Uasin Gishu,2022,4,161.4,20.42
Uasin Gishu,2022,5,234.67000000000002,19.42
Uasin Gishu,2022,6,119.7,18.39
Uasin Gishu,2022,7,232.5,17.83
Uasin Gishu,2022,8,423.46,17.55
Uasin Gishu,2022,9,342.3,18.44
Uasin Gishu,2022,10,146.63000000000002,18.58
Uasin Gishu,2022,11,85.8,18.44
Uasin Gishu,2022,12,64.17,18.33
Uasin Gishu,2023,1,9.299999999999999,18.34
Uasin Gishu,2023,2,10.08,20.66
Uasin Gishu,2023,3,383.46999999999997,20.09
Uasin Gishu,2023,4,381.6,19.25
Uasin Gishu,2023,5,200.88000000000002,19.28
Uasin Gishu,2023,6,307.8,18.66
Uasin Gishu,2023,7,215.76,18.23
Uasin Gishu,2023,8,185.07,18.98
Uasin Gishu,2023,9,220.2,19.46
Uasin Gishu,2023,10,240.56,19.66
Uasin Gishu,2023,11,314.40000000000003,18.51
Uasin Gishu,2023,12,49.29,18.83
Uasin Gishu,2024,1,137.95000000000002,18.85
Uasin Gishu,2024,2,166.46,19.73
Uasin Gishu,2024,3,77.80999999999999,20.33
Uasin Gishu,2024,4,456.90000000000003,19.61
Uasin Gishu,2024,5,349.37,19.52
Uasin Gishu,2024,6,268.2,18.76
Uasin Gishu,2024,7,367.04,17.93
Uasin Gishu,2024,8,324.57,18.05
Uasin Gishu,2024,9,267.0,19.15
Uasin Gishu,2024,10,235.29,19.18
Uasin Gishu,2024,11,229.2,18.78
Uasin Gishu,2024,12,65.72,18.32
Nakuru,2010,1,108.5,15.41
Nakuru,2010,2,126.55999999999999,16.72
Nakuru,2010,3,181.66,16.32
Nakuru,2010,4,160.8,16.23
Nakuru,2010,5,155.0,15.36
Nakuru,2010,6,60.3,14.64
Nakuru,2010,7,69.75,13.8
Nakuru,2010,8,104.16,14.21
Nakuru,2010,9,142.20000000000002,14.64
Nakuru,2010,10,128.34,15.22
Nakuru,2010,11,96.3,15.35
Nakuru,2010,12,57.35,15.3
Nakuru,2011,1,20.46,16.01
Nakuru,2011,2,41.44,16.74
Nakuru,2011,3,122.14,17.31
Nakuru,2011,4,85.8,16.76
Nakuru,2011,5,119.35000000000001,15.69
Nakuru,2011,6,111.0,15.08
Nakuru,2011,7,73.16,14.67
Nakuru,2011,8,145.07999999999998,14.25
Nakuru,2011,9,92.4,15.07
Nakuru,2011,10,148.18,15.4
Nakuru,2011,11,221.1,15.21
Nakuru,2011,12,48.980000000000004,15.07
Nakuru,2012,1,5.89,15.17
Nakuru,2012,2,16.529999999999998,16.38
Nakuru,2012,3,14.26,17.61
Nakuru,2012,4,262.8,15.92
Nakuru,2012,5,218.85999999999999,14.94
Nakuru,2012,6,116.7,14.11
Nakuru,2012,7,64.17,13.91
Nakuru,2012,8,110.36,13.94
Nakuru,2012,9,84.6,14.6
Nakuru,2012,10,136.71,15.31
Nakuru,2012,11,123.89999999999999,15.61
Nakuru,2012,12,109.42999999999999,15.38
Nakuru,2013,1,44.64,15.88
Nakuru,2013,2,5.6000000000000005,16.84
Nakuru,2013,3,115.01,17.4
Nakuru,2013,4,302.7,15.69
Nakuru,2013,5,73.16,14.82
Nakuru,2013,6,78.3,14.18
Nakuru,2013,7,95.17,13.82
Nakuru,2013,8,75.95,13.99
Nakuru,2013,9,124.19999999999999,15.06
Nakuru,2013,10,40.300000000000004,15.46
Nakuru,2013,11,108.60000000000001,15.55
Nakuru,2013,12,134.85,15.23
Nakuru,2014,1,10.85,16.43
Nakuru,2014,2,74.75999999999999,16.58
Nakuru,2014,3,96.10000000000001,17.06
Nakuru,2014,4,81.3,16.62
Nakuru,2014,5,88.97,15.77
Nakuru,2014,6,56.1,15.33
Nakuru,2014,7,59.21,15.03
Nakuru,2014,8,101.99,14.64
Nakuru,2014,9,61.2,15.27
Nakuru,2014,10,100.75,16.13
Nakuru,2014,11,119.4,15.92
Nakuru,2014,12,63.86,16.03
Nakuru,2015,1,12.709999999999999,16.73
Nakuru,2015,2,28.84,18.01
Nakuru,2015,3,76.88,17.39
Nakuru,2015,4,291.0,16.34
Nakuru,2015,5,172.67000000000002,15.44
Nakuru,2015,6,81.9,15.11
Nakuru,2015,7,49.910000000000004,14.67
Nakuru,2015,8,31.0,15.1
Nakuru,2015,9,43.5,15.77
Nakuru,2015,10,129.89000000000001,16.38
Nakuru,2015,11,293.09999999999997,15.79
Nakuru,2015,12,194.36999999999998,15.59
Nakuru,2016,1,106.02,15.96
Nakuru,2016,2,22.62,16.26
Nakuru,2016,3,60.449999999999996,17.53
Nakuru,2016,4,272.7,16.75
Nakuru,2016,5,168.64000000000001,15.48
Nakuru,2016,6,68.1,14.69
Nakuru,2016,7,64.78999999999999,13.99
Nakuru,2016,8,56.730000000000004,14.07
Nakuru,2016,9,74.10000000000001,14.97
Nakuru,2016,10,61.69,15.78
Nakuru,2016,11,183.6,15.47
Nakuru,2016,12,17.360000000000003,15.55
Nakuru,2017,1,15.5,16.21
Nakuru,2017,2,43.120000000000005,17.26
Nakuru,2017,3,51.769999999999996,18.33
Nakuru,2017,4,151.79999999999998,16.93
Nakuru,2017,5,178.25,15.54
Nakuru,2017,6,33.0,15.68
Nakuru,2017,7,128.03,14.82
Nakuru,2017,8,102.3,14.68
Nakuru,2017,9,133.8,15.06
Nakuru,2017,10,168.02,15.86
Nakuru,2017,11,209.70000000000002,15.31
Nakuru,2017,12,22.63,15.32
Nakuru,2018,1,14.569999999999999,15.65
Nakuru,2018,2,28.0,16.98
Nakuru,2018,3,305.04,15.6
Nakuru,2018,4,483.6,15.19
Nakuru,2018,5,345.96,14.74
Nakuru,2018,6,184.2,13.99
Nakuru,2018,7,74.39999999999999,13.08
Nakuru,2018,8,110.67,13.45
Nakuru,2018,9,33.0,14.14
Nakuru,2018,10,89.59,14.88
Nakuru,2018,11,89.10000000000001,15.55
Nakuru,2018,12,170.5,15.14
Nakuru,2019,1,28.830000000000002,15.08
Nakuru,2019,2,11.200000000000001,15.98
Nakuru,2019,3,31.0,17.26
Nakuru,2019,4,127.8,17.67
Nakuru,2019,5,141.67000000000002,15.7
Nakuru,2019,6,160.5,15.3
Nakuru,2019,7,67.89,14.47
Nakuru,2019,8,122.76,14.68
Nakuru,2019,9,113.7,15.22
Nakuru,2019,10,292.02,15.37
Nakuru,2019,11,283.5,15.79
Nakuru,2019,12,365.8,15.49
Nakuru,2020,1,197.47,15.27
Nakuru,2020,2,108.46000000000001,15.66
Nakuru,2020,3,225.36999999999998,16.34
Nakuru,2020,4,394.8,15.77
Nakuru,2020,5,183.82999999999998,14.95
Nakuru,2020,6,220.8,14.01
Nakuru,2020,7,81.53,13.37
Nakuru,2020,8,114.7,14.09
Nakuru,2020,9,213.0,14.31
Nakuru,2020,10,163.68,14.81
Nakuru,2020,11,186.0,15.38
Nakuru,2020,12,74.39999999999999,14.69
Nakuru,2021,1,57.35,14.55
Nakuru,2021,2,84.0,15.18
Nakuru,2021,3,71.3,15.4
Nakuru,2021,4,211.5,15.83
Nakuru,2021,5,266.90999999999997,15.35
Nakuru,2021,6,20.400000000000002,14.24
Nakuru,2021,7,101.37,13.5
Nakuru,2021,8,91.14,14.04
Nakuru,2021,9,86.39999999999999,14.84
Nakuru,2021,10,109.42999999999999,15.59
Nakuru,2021,11,102.9,15.79
Nakuru,2021,12,126.78999999999999,15.27
Nakuru,2022,1,64.48,15.1
Nakuru,2022,2,56.0,16.45
Nakuru,2022,3,79.05,16.9
Nakuru,2022,4,148.20000000000002,16.41
Nakuru,2022,5,98.27,15.89
Nakuru,2022,6,52.8,14.47
Nakuru,2022,7,111.60000000000001,13.93
Nakuru,2022,8,179.49,14.05
Nakuru,2022,9,141.0,14.75
Nakuru,2022,10,43.71,15.43
Nakuru,2022,11,170.39999999999998,15.34
Nakuru,2022,12,84.63,15.39
Nakuru,2023,1,21.080000000000002,15.04
Nakuru,2023,2,23.8,16.73
Nakuru,2023,3,186.61999999999998,16.85
Nakuru,2023,4,274.20000000000005,16.08
Nakuru,2023,5,146.01,15.63
Nakuru,2023,6,79.5,15.29
Nakuru,2023,7,39.68,14.62
Nakuru,2023,8,62.0,15.07
Nakuru,2023,9,133.5,16.16
Nakuru,2023,10,168.02,16.25
Nakuru,2023,11,458.4,15.39
Nakuru,2023,12,106.64,16.02
Nakuru,2024,1,204.29,15.55
Nakuru,2024,2,81.19999999999999,16.06
Nakuru,2024,3,153.14000000000001,16.78
Nakuru,2024,4,627.9,16.12
Nakuru,2024,5,392.15000000000003,15.97
Nakuru,2024,6,69.0,14.5
Nakuru,2024,7,150.97,14.38
Nakuru,2024,8,85.55999999999999,14.07
Nakuru,2024,9,102.0,14.67
Nakuru,2024,10,68.82000000000001,15.31
Nakuru,2024,11,353.7,15.68
Nakuru,2024,12,124.93,15.11
Bungoma,2010,1,81.53,22.95
Bungoma,2010,2,141.12,23.95
Bungoma,2010,3,172.98,22.62
Bungoma,2010,4,254.4,22.59
Bungoma,2010,5,318.98999999999995,21.65
Bungoma,2010,6,104.4,20.83
Bungoma,2010,7,102.3,20.61
Bungoma,2010,8,123.69000000000001,21.12
Bungoma,2010,9,184.8,21.44
Bungoma,2010,10,202.11999999999998,21.56
Bungoma,2010,11,107.69999999999999,21.91
Bungoma,2010,12,67.58,21.48
Bungoma,2011,1,22.32,22.66
Bungoma,2011,2,24.08,24.13
Bungoma,2011,3,192.82,23.52
Bungoma,2011,4,165.9,23.2
Bungoma,2011,5,300.39,21.48
Bungoma,2011,6,172.20000000000002,20.52
Bungoma,2011,7,102.61,20.96
Bungoma,2011,8,281.48,20.39
Bungoma,2011,9,169.2,20.96
Bungoma,2011,10,249.23999999999998,21.44
Bungoma,2011,11,365.1,20.81
Bungoma,2011,12,69.44000000000001,21.17
Bungoma,2012,1,0.62,21.39
Bungoma,2012,2,18.27,22.13
Bungoma,2012,3,36.89,23.55
Bungoma,2012,4,386.70000000000005,21.36
Bungoma,2012,5,252.34000000000003,20.9
Bungoma,2012,6,210.9,20.32
Bungoma,2012,7,96.41,20.27
Bungoma,2012,8,168.64000000000001,20.69
Bungoma,2012,9,238.8,21.21
Bungoma,2012,10,171.43,21.66
Bungoma,2012,11,195.9,21.37
Bungoma,2012,12,162.44,21.47
Bungoma,2013,1,53.94,21.93
Bungoma,2013,2,32.199999999999996,22.68
Bungoma,2013,3,177.94,23.31
Bungoma,2013,4,338.4,21.26
Bungoma,2013,5,231.57,21.25
Bungoma,2013,6,63.3,20.72
Bungoma,2013,7,72.53999999999999,20.28
Bungoma,2013,8,164.60999999999999,20.67
Bungoma,2013,9,189.9,21.42
Bungoma,2013,10,141.98,21.55
Bungoma,2013,11,141.9,21.46
Bungoma,2013,12,106.33,21.53
Bungoma,2014,1,19.84,22.61
Bungoma,2014,2,33.04,23.42
Bungoma,2014,3,159.96,23.67
Bungoma,2014,4,81.60000000000001,22.91
Bungoma,2014,5,239.01,21.79
Bungoma,2014,6,115.5,21.08
Bungoma,2014,7,90.52,20.88
Bungoma,2014,8,147.86999999999998,20.46
Bungoma,2014,9,175.2,21.37
Bungoma,2014,10,303.48999999999995,21.14
Bungoma,2014,11,113.39999999999999,21.48
Bungoma,2014,12,78.74,21.81
Bungoma,2015,1,3.1,22.6
Bungoma,2015,2,22.959999999999997,25.17
Bungoma,2015,3,78.74,25.87
Bungoma,2015,4,238.5,21.5
Bungoma,2015,5,292.64,21.24
Bungoma,2015,6,198.0,20.71
Bungoma,2015,7,85.87,21.28
Bungoma,2015,8,138.57,21.77
Bungoma,2015,9,157.79999999999998,22.15
Bungoma,2015,10,218.54999999999998,22.4
Bungoma,2015,11,529.5,21.36
Bungoma,2015,12,164.29999999999998,21.66
Bungoma,2016,1,55.800000000000004,22.3
Bungoma,2016,2,7.83,23.32
Bungoma,2016,3,66.03,24.74
Bungoma,2016,4,264.6,22.36
Bungoma,2016,5,208.32,21.19
Bungoma,2016,6,84.6,20.66
Bungoma,2016,7,102.61,20.63
Bungoma,2016,8,63.24,21.42
Bungoma,2016,9,184.8,21.72
Bungoma,2016,10,123.69000000000001,22.32
Bungoma,2016,11,83.1,22.17
Bungoma,2016,12,12.709999999999999,23.55
Bungoma,2017,1,50.529999999999994,24.76
Bungoma,2017,2,107.52,24.6
Bungoma,2017,3,144.46,24.31
Bungoma,2017,4,128.1,23.74
Bungoma,2017,5,293.26000000000005,21.78
Bungoma,2017,6,134.1,21.44
Bungoma,2017,7,115.63,20.79
Bungoma,2017,8,170.5,21.27
Bungoma,2017,9,348.59999999999997,21.45
Bungoma,2017,10,205.22,21.76
Bungoma,2017,11,219.60000000000002,21.53
Bungoma,2017,12,18.91,21.82
Bungoma,2018,1,12.09,21.95
Bungoma,2018,2,68.04,24.37
Bungoma,2018,3,287.98999999999995,21.69
Bungoma,2018,4,420.3,20.5
Bungoma,2018,5,279.0,20.71
Bungoma,2018,6,158.7,20.25
Bungoma,2018,7,99.82000000000001,19.96
Bungoma,2018,8,148.49,20.51
Bungoma,2018,9,220.5,22.04
Bungoma,2018,10,159.65,21.57
Bungoma,2018,11,145.8,22.02
Bungoma,2018,12,146.94,21.86
Bungoma,2019,1,22.32,22.46
Bungoma,2019,2,38.64,23.93
Bungoma,2019,3,51.46,24.46
Bungoma,2019,4,227.4,23.89
Bungoma,2019,5,330.15000000000003,21.86
Bungoma,2019,6,224.1,20.47
Bungoma,2019,7,177.32,20.39
Bungoma,2019,8,241.49,20.84
Bungoma,2019,9,180.9,21.49
Bungoma,2019,10,356.81,21.47
Bungoma,2019,11,224.70000000000002,21.26
Bungoma,2019,12,281.48,21.09
Bungoma,2020,1,208.94,21.86
Bungoma,2020,2,135.72,22.53
Bungoma,2020,3,452.29,22.29
Bungoma,2020,4,261.90000000000003,21.63
Bungoma,2020,5,296.98,21.11
Bungoma,2020,6,282.6,20.1
Bungoma,2020,7,164.92000000000002,19.51
Bungoma,2020,8,252.65,20.47
Bungoma,2020,9,508.5,21.13
Bungoma,2020,10,230.02,21.11
Bungoma,2020,11,312.6,21.65
Bungoma,2020,12,87.73,21.6
Bungoma,2021,1,75.95,21.58
Bungoma,2021,2,20.439999999999998,22.19
Bungoma,2021,3,33.17,23.18
Bungoma,2021,4,190.8,21.97
Bungoma,2021,5,193.75,21.24
Bungoma,2021,6,52.5,21.1
Bungoma,2021,7,57.35,20.46
Bungoma,2021,8,92.69000000000001,21.52
Bungoma,2021,9,252.0,21.15
Bungoma,2021,10,123.38,22.32
Bungoma,2021,11,98.1,22.64
Bungoma,2021,12,75.64,22.73
Bungoma,2022,1,79.05,22.73
Bungoma,2022,2,27.439999999999998,23.86
Bungoma,2022,3,94.86,25.63
Bungoma,2022,4,146.1,23.25
Bungoma,2022,5,256.68,21.53
Bungoma,2022,6,103.2,20.77
Bungoma,2022,7,94.86,21.09
Bungoma,2022,8,188.48,20.72
Bungoma,2022,9,267.3,21.57
Bungoma,2022,10,177.94,21.74
Bungoma,2022,11,89.10000000000001,21.84
Bungoma,2022,12,78.74,22.18
Bungoma,2023,1,8.680000000000001,23.38
Bungoma,2023,2,12.32,25.56
Bungoma,2023,3,529.17,23.1
Bungoma,2023,4,258.29999999999995,21.98
Bungoma,2023,5,202.11999999999998,21.92
Bungoma,2023,6,276.0,21.16
Bungoma,2023,7,129.89000000000001,20.97
Bungoma,2023,8,122.14,21.95
Bungoma,2023,9,223.5,22.12
Bungoma,2023,10,130.20000000000002,22.76
Bungoma,2023,11,291.3,21.88
Bungoma,2023,12,64.17,22.27
Bungoma,2024,1,109.12,22.07
Bungoma,2024,2,54.230000000000004,23.53
Bungoma,2024,3,59.519999999999996,24.33
Bungoma,2024,4,301.2,22.39
Bungoma,2024,5,281.48,22.31
Bungoma,2024,6,226.5,21.37
Bungoma,2024,7,126.48,20.83
Bungoma,2024,8,128.96,21.45
Bungoma,2024,9,178.20000000000002,22.22
Bungoma,2024,10,228.16,22.13
Bungoma,2024,11,257.7,21.83
Bungoma,2024,12,90.52,22.0
Narok,2010,1,134.54,17.67
Narok,2010,2,157.36,18.63
Narok,2010,3,222.89000000000001,18.08
Narok,2010,4,186.0,17.65
Narok,2010,5,168.95000000000002,16.84
Narok,2010,6,58.5,15.74
Narok,2010,7,32.86,15.01
Narok,2010,8,60.14,16.15
Narok,2010,9,108.3,16.64
Narok,2010,10,120.28,17.32
Narok,2010,11,82.2,17.59
Narok,2010,12,79.98,18.15
Narok,2011,1,49.6,19.2
Narok,2011,2,53.48,19.87
Narok,2011,3,148.49,20.06
Narok,2011,4,103.2,18.84
Narok,2011,5,130.82,17.15
Narok,2011,6,90.3,16.71
Narok,2011,7,41.85,16.38
Narok,2011,8,104.16,16.23
Narok,2011,9,88.2,17.24
Narok,2011,10,119.66,17.76
Narok,2011,11,229.5,17.2
Narok,2011,12,79.98,17.73
Narok,2012,1,17.05,18.62
Narok,2012,2,23.490000000000002,20.06
Narok,2012,3,34.410000000000004,20.99
Narok,2012,4,292.5,17.57
Narok,2012,5,260.40000000000003,16.39
Narok,2012,6,97.5,15.13
Narok,2012,7,35.96,15.25
Narok,2012,8,75.95,15.72
Narok,2012,9,68.1,16.54
Narok,2012,10,116.25,17.53
Narok,2012,11,137.10000000000002,17.76
Narok,2012,12,177.94,17.77
Narok,2013,1,66.03,18.21
Narok,2013,2,8.96,19.97
Narok,2013,3,154.69,19.59
Narok,2013,4,354.6,17.21
Narok,2013,5,83.7,16.05
Narok,2013,6,54.0,15.4
Narok,2013,7,55.800000000000004,15.24
Narok,2013,8,61.38,15.66
Narok,2013,9,123.60000000000001,17.0
Narok,2013,10,39.99,17.76
Narok,2013,11,105.0,17.91
Narok,2013,12,149.10999999999999,17.5
Narok,2014,1,16.740000000000002,19.63
Narok,2014,2,75.32,19.02
Narok,2014,3,145.39000000000001,19.42
Narok,2014,4,75.6,18.64
Narok,2014,5,84.32000000000001,17.74
Narok,2014,6,53.1,17.0
Narok,2014,7,41.54,16.89
Narok,2014,8,73.47,16.92
Narok,2014,9,48.0,17.43
Narok,2014,10,91.14,18.54
Narok,2014,11,130.8,18.35
Narok,2014,12,76.57000000000001,18.52
Narok,2015,1,21.389999999999997,20.08
Narok,2015,2,13.719999999999999,21.82
Narok,2015,3,44.64,21.24
Narok,2015,4,170.39999999999998,18.78
Narok,2015,5,98.89,17.25
Narok,2015,6,93.60000000000001,16.49
Narok,2015,7,24.490000000000002,16.79
Narok,2015,8,18.599999999999998,17.39
Narok,2015,9,24.9,18.6
Narok,2015,10,53.94,19.9
Narok,2015,11,144.29999999999998,18.77
Narok,2015,12,177.32,18.21
Narok,2016,1,147.56,18.85
Narok,2016,2,15.66,20.11
Narok,2016,3,28.21,21.61
Narok,2016,4,300.59999999999997,18.84
Narok,2016,5,94.55,16.93
Narok,2016,6,39.900000000000006,16.2
Narok,2016,7,32.550000000000004,15.94
Narok,2016,8,21.080000000000002,16.83
Narok,2016,9,57.9,17.62
Narok,2016,10,49.910000000000004,18.9
Narok,2016,11,81.9,18.66
Narok,2016,12,6.51,19.65
Narok,2017,1,11.78,21.11
Narok,2017,2,15.959999999999999,21.96
Narok,2017,3,31.31,22.5
Narok,2017,4,64.2,20.19
Narok,2017,5,89.59,18.21
Narok,2017,6,12.6,17.96
Narok,2017,7,102.3,16.89
Narok,2017,8,44.33,17.31
Narok,2017,9,83.39999999999999,17.49
Narok,2017,10,86.8,18.8
Narok,2017,11,139.2,18.15
Narok,2017,12,15.81,19.34
Narok,2018,1,22.009999999999998,19.74
Narok,2018,2,19.599999999999998,21.62
Narok,2018,3,203.04999999999998,18.05
Narok,2018,4,402.6,16.99
Narok,2018,5,183.21,16.21
Narok,2018,6,72.0,15.5
Narok,2018,7,49.910000000000004,14.58
Narok,2018,8,78.12,15.37
Narok,2018,9,13.2,16.68
Narok,2018,10,37.199999999999996,18.0
Narok,2018,11,60.0,19.08
Narok,2018,12,142.6,18.3
Narok,2019,1,19.53,19.68
Narok,2019,2,12.88,21.28
Narok,2019,3,8.680000000000001,22.78
Narok,2019,4,134.1,21.33
Narok,2019,5,56.11,18.34
Narok,2019,6,178.5,16.67
Narok,2019,7,39.99,16.41
Narok,2019,8,81.84,17.04
Narok,2019,9,47.7,17.71
Narok,2019,10,133.60999999999999,18.28
Narok,2019,11,231.0,18.37
Narok,2019,12,429.65999999999997,17.68
Narok,2020,1,296.36,17.79
Narok,2020,2,150.51000000000002,18.11
Narok,2020,3,255.13000000000002,18.06
Narok,2020,4,314.1,17.44
Narok,2020,5,76.88,16.51
Narok,2020,6,122.99999999999999,15.34
Narok,2020,7,25.73,14.62
Narok,2020,8,55.18,15.86
Narok,2020,9,217.20000000000002,16.42
Narok,2020,10,71.92,17.04
Narok,2020,11,160.8,17.89
Narok,2020,12,80.91,17.89
Narok,2021,1,63.55,17.89
Narok,2021,2,124.03999999999999,18.25
Narok,2021,3,32.86,19.39
Narok,2021,4,141.0,18.34
Narok,2021,5,183.21,17.33
Narok,2021,6,11.4,16.33
Narok,2021,7,38.75,15.54
Narok,2021,8,57.660000000000004,16.83
Narok,2021,9,51.6,17.89
Narok,2021,10,44.33,19.36
Narok,2021,11,58.8,19.85
Narok,2021,12,46.19,19.06
Narok,2022,1,86.17999999999999,19.42
Narok,2022,2,57.68,20.07
Narok,2022,3,60.14,21.66
Narok,2022,4,98.7,19.39
Narok,2022,5,82.46000000000001,18.36
Narok,2022,6,43.199999999999996,16.36
Narok,2022,7,84.01,16.01
Narok,2022,8,74.39999999999999,16.25
Narok,2022,9,71.7,17.18
Narok,2022,10,8.680000000000001,18.84
Narok,2022,11,90.3,18.53
Narok,2022,12,48.36,19.35
Narok,2023,1,5.89,20.24
Narok,2023,2,13.44,21.94
Narok,2023,3,124.30999999999999,20.31
Narok,2023,4,115.19999999999999,18.93
Narok,2023,5,89.28,17.83
Narok,2023,6,57.3,17.53
Narok,2023,7,15.19,17.05
Narok,2023,8,34.1,17.85
Narok,2023,9,75.0,18.97
Narok,2023,10,44.019999999999996,20.04
Narok,2023,11,205.5,18.55
Narok,2023,12,115.01,19.12
Narok,2024,1,339.76000000000005,18.21
Narok,2024,2,89.61,18.72
Narok,2024,3,209.56,19.06
Narok,2024,4,376.2,17.87
Narok,2024,5,235.29,17.47
Narok,2024,6,74.10000000000001,15.79
Narok,2024,7,75.95,15.89
Narok,2024,8,30.07,15.92
Narok,2024,9,29.4,17.09
Narok,2024,10,26.04,18.36
Narok,2024,11,174.0,18.8
Narok,2024,12,94.86,18.26
Nyeri,2010,1,63.86,16.55
Nyeri,2010,2,101.08,17.47
Nyeri,2010,3,170.5,17.31
Nyeri,2010,4,173.1,17.14
Nyeri,2010,5,159.65,16.28
Nyeri,2010,6,45.6,15.5
Nyeri,2010,7,57.35,14.8
Nyeri,2010,8,89.28,15.06
Nyeri,2010,9,87.6,15.62
Nyeri,2010,10,107.26,16.38
Nyeri,2010,11,117.9,16.31
Nyeri,2010,12,59.519999999999996,16.51
Nyeri,2011,1,18.91,17.43
Nyeri,2011,2,38.36,18.06
Nyeri,2011,3,98.58,18.23
Nyeri,2011,4,105.0,17.59
Nyeri,2011,5,106.64,16.73
Nyeri,2011,6,101.10000000000001,16.0
Nyeri,2011,7,61.69,15.51
Nyeri,2011,8,119.35000000000001,15.06
Nyeri,2011,9,75.3,16.08
Nyeri,2011,10,225.68,16.28
Nyeri,2011,11,211.79999999999998,16.18
Nyeri,2011,12,44.019999999999996,15.81
Nyeri,2012,1,4.6499999999999995,16.29
Nyeri,2012,2,12.18,17.45
Nyeri,2012,3,16.12,18.6
Nyeri,2012,4,271.2,16.86
Nyeri,2012,5,213.9,15.75
Nyeri,2012,6,87.0,14.88
Nyeri,2012,7,59.519999999999996,14.69
Nyeri,2012,8,88.03999999999999,14.86
Nyeri,2012,9,58.5,15.77
Nyeri,2012,10,151.59,16.41
Nyeri,2012,11,153.9,16.52
Nyeri,2012,12,121.52,16.16
Nyeri,2013,1,40.61,16.93
Nyeri,2013,2,4.48,18.26
Nyeri,2013,3,109.42999999999999,18.23
Nyeri,2013,4,287.7,16.69
Nyeri,2013,5,65.41,15.56
Nyeri,2013,6,60.3,14.86
Nyeri,2013,7,87.73,14.76
Nyeri,2013,8,66.96000000000001,14.78
Nyeri,2013,9,85.5,16.21
Nyeri,2013,10,39.37,16.93
Nyeri,2013,11,141.0,16.54
Nyeri,2013,12,128.65,16.08
Nyeri,2014,1,8.99,17.59
Nyeri,2014,2,75.04,17.78
Nyeri,2014,3,87.42,17.75
Nyeri,2014,4,118.5,17.17
Nyeri,2014,5,95.78999999999999,16.48
Nyeri,2014,6,54.6,16.0
Nyeri,2014,7,50.220000000000006,15.58
Nyeri,2014,8,101.05999999999999,15.36
Nyeri,2014,9,53.4,16.11
Nyeri,2014,10,100.13,17.1
Nyeri,2014,11,144.9,16.58
Nyeri,2014,12,71.92,16.61
Nyeri,2015,1,21.389999999999997,17.39
Nyeri,2015,2,38.080000000000005,18.43
Nyeri,2015,3,106.33,17.92
Nyeri,2015,4,335.7,17.14
Nyeri,2015,5,170.81,16.12
Nyeri,2015,6,48.9,15.84
Nyeri,2015,7,59.21,15.12
Nyeri,2015,8,44.64,15.53
Nyeri,2015,9,22.2,16.77
Nyeri,2015,10,195.29999999999998,16.95
Nyeri,2015,11,273.0,16.56
Nyeri,2015,12,141.35999999999999,16.25
Nyeri,2016,1,113.77,16.64
Nyeri,2016,2,28.13,17.11
Nyeri,2016,3,88.97,18.2
Nyeri,2016,4,284.7,17.5
Nyeri,2016,5,159.03,16.07
Nyeri,2016,6,70.5,15.08
Nyeri,2016,7,30.07,14.72
Nyeri,2016,8,57.970000000000006,14.87
Nyeri,2016,9,34.8,15.97
Nyeri,2016,10,42.160000000000004,16.86
Nyeri,2016,11,263.4,16.27
Nyeri,2016,12,34.1,15.97
Nyeri,2017,1,17.669999999999998,16.59
Nyeri,2017,2,59.92,17.38
Nyeri,2017,3,35.339999999999996,18.72
Nyeri,2017,4,205.2,17.42
Nyeri,2017,5,194.36999999999998,16.21
Nyeri,2017,6,46.5,15.85
Nyeri,2017,7,85.55999999999999,15.54
Nyeri,2017,8,92.69000000000001,15.47
Nyeri,2017,9,99.6,15.98
Nyeri,2017,10,220.41,16.72
Nyeri,2017,11,216.0,15.95
Nyeri,2017,12,44.019999999999996,15.75
Nyeri,2018,1,20.150000000000002,16.58
Nyeri,2018,2,26.32,17.36
Nyeri,2018,3,332.32,16.38
Nyeri,2018,4,633.6,16.09
Nyeri,2018,5,246.14000000000001,15.36
Nyeri,2018,6,95.7,14.53
Nyeri,2018,7,58.9,13.61
Nyeri,2018,8,51.15,14.04
Nyeri,2018,9,42.9,14.96
Nyeri,2018,10,88.03999999999999,15.68
Nyeri,2018,11,111.60000000000001,16.2
Nyeri,2018,12,143.22,15.9
Nyeri,2019,1,32.24,16.06
Nyeri,2019,2,12.6,17.13
Nyeri,2019,3,34.720000000000006,18.53
Nyeri,2019,4,71.10000000000001,18.69
Nyeri,2019,5,99.82000000000001,16.88
Nyeri,2019,6,104.10000000000001,16.34
Nyeri,2019,7,54.87,15.73
Nyeri,2019,8,61.69,16.07
Nyeri,2019,9,72.30000000000001,16.71
Nyeri,2019,10,337.59000000000003,16.35
Nyeri,2019,11,270.3,16.51
Nyeri,2019,12,236.84,16.47
Nyeri,2020,1,108.5,16.12
Nyeri,2020,2,80.33,16.55
Nyeri,2020,3,123.07000000000001,17.48
Nyeri,2020,4,424.8,16.77
Nyeri,2020,5,104.78,15.73
Nyeri,2020,6,126.6,14.85
Nyeri,2020,7,65.10000000000001,14.22
Nyeri,2020,8,74.39999999999999,14.93
Nyeri,2020,9,128.4,15.29
Nyeri,2020,10,152.52,16.03
Nyeri,2020,11,220.8,16.28
Nyeri,2020,12,80.60000000000001,15.61
Nyeri,2021,1,54.87,15.72
Nyeri,2021,2,82.60000000000001,16.51
Nyeri,2021,3,149.10999999999999,16.85
Nyeri,2021,4,152.7,16.8
Nyeri,2021,5,176.70000000000002,15.97
Nyeri,2021,6,19.8,15.08
Nyeri,2021,7,82.77,14.38
Nyeri,2021,8,49.29,15.1
Nyeri,2021,9,37.8,16.33
Nyeri,2021,10,88.66,17.05
Nyeri,2021,11,126.6,17.1
Nyeri,2021,12,180.73,15.87
Nyeri,2022,1,49.6,16.1
Nyeri,2022,2,47.32,17.58
Nyeri,2022,3,149.10999999999999,17.77
Nyeri,2022,4,279.0,17.24
Nyeri,2022,5,71.92,16.63
Nyeri,2022,6,40.2,15.31
Nyeri,2022,7,99.51,14.64
Nyeri,2022,8,137.64000000000001,14.79
Nyeri,2022,9,282.9,15.18
Nyeri,2022,10,42.779999999999994,15.81
Nyeri,2022,11,214.8,15.8
Nyeri,2022,12,75.95,15.75
Nyeri,2023,1,42.779999999999994,15.44
Nyeri,2023,2,19.599999999999998,17.21
Nyeri,2023,3,124.30999999999999,17.3
Nyeri,2023,4,409.5,16.44
Nyeri,2023,5,142.6,16.08
Nyeri,2023,6,167.7,15.49
Nyeri,2023,7,56.11,14.95
Nyeri,2023,8,78.42999999999999,15.22
Nyeri,2023,9,63.3,17.02
Nyeri,2023,10,243.04,16.94
Nyeri,2023,11,429.6,16.03
Nyeri,2023,12,80.91,16.43
Nyeri,2024,1,132.06,16.29
Nyeri,2024,2,153.7,16.81
Nyeri,2024,3,89.89999999999999,17.5
Nyeri,2024,4,603.3,17.07
Nyeri,2024,5,330.46,16.68
Nyeri,2024,6,41.1,15.05
Nyeri,2024,7,99.82000000000001,15.03
Nyeri,2024,8,63.55,14.94
Nyeri,2024,9,57.0,15.66
Nyeri,2024,10,54.56,16.32
Nyeri,2024,11,331.5,16.74
Nyeri,2024,12,76.88,16.03
